ngoId,isRegistrationFor,ngoType,regNo,regDate,registrar,12ANo,12ARegdate,12AUpload,80GNo,80GRegdate,80GUpload,35ACNo,35ACRegdate,35ACUpload,fCRANo,fCRARegdate,natureListed,fCRAStatus,fCRAExpiration,fCRAUpload,pan,tan,gst,notes
05a69203-8194-3a20-ad28-0a9f8ec3b16d,,,S/41220,14-01-2002,,1242,14-03-2003,,8263043,11-10-2011,,,,,231660609,12-12-2005,,,,,AABTT1084A,,,
c4e895fb-a222-36a9-aec9-7901492fb709,,,1755 of 1989,11-08-1989,,H.Qrs11/12A&80G/32/,19-10-1990,,HYD/80G/155(3)/08-09,10-09-2008,,,,,010260111,05-08-2016,,,,,AAATB4485E,,,
3b09be47-3ca6-3f36-a96f-d54bb284f042,,,MYN-4-00326-2010-11,08-11-2010,,D-54/12AA/MYS2011-12,27-06-2011,,D-54/12AA/MYS2011-12,08-11-2010,,,,,094590221,22-12-2016,,,,,AABTD4733A,,,
d2741124-86d2-317f-adb5-eca14677abec,,,397/ IV / 06,08-05-2006,,CIT-TCR/Tech/12A/18/,06-02-2012,,AADTA 2673 C/09/15-1,28-05-2015,,,,,,,,,,,AADTA2673C,,,
4f3a89b2-1a9f-3692-9101-a416e7f47c89,,,S/674950/ 1991- 92,92 - 04-04-1991,,,,,,,,,,,,,,,,,AAATC2014N,,,
e1b26bed-ca0e-330f-a818-2782b33d0c89,,,22905/115,18-09-2008,,102/2011-12,12-03-2012,,128/2011-12,12-03-2012,,,,,104910203,22-03-2012,,,,,AABAM3529N,,,
2ff68544-6790-3c40-b775-cae7940e6316,,,6595-04 of 2006-07,13-04-2006,,19 of 2010-11,31-05-2010,,,,,,,,,,,,,,AAATD9150A,,,
12cb662e-1c12-3c78-af3b-41b6411c4e86,,,19770/202 of1994-95,30-12-1995,,,,,,,,,,,,,,,,,AAATC4491R,,,
38dac131-0290-3c1e-aeba-ce78870af9f4,,,S/00895/NE/2012,25-05-2012,,,,,,,,,,,,,,,,,AACTN2372E,,,
9aea4363-3220-38a0-bca3-82a5699056ee,,,220,10-08-2010,,,,,,,,,,,,,,,,,AAAAA7573K,,,
cef20119-73c3-39bf-8026-820b448de57b,,,325/2002,27-02-2002,,,,,,,,,,,,,,,,,AABAT6815C,,,
cb0c680c-3a36-36fa-abee-59344a7fa95d,,,KPT-539-100/1989-90,01-02-1990,,211/2011-2012,01-04-2011,,80G-148/2011- 12/116,12/116 - 01-04-2012,,,,,105120036,28-03-2014,,,,,AABAP8154G,,,
c490c115-a437-3a49-b144-6e35107d5cf7,,,S-33316,21-07-1998,,"D-743,99,377",26-07-1999,,,,,,,,231660327,21-02-2003,,,,,AAATD3863C,,,
958afb2e-7cee-3eac-a40d-cdc11b39b02d,,,4088/C/H/R,17-10-2003,,,,,,,,,,,,,,,,,AAAAG2194C,,,
c92e97fe-041a-3c7e-9347-91b0fb438364,,,S38515,04-01-2001,,,,,,,,,,,231660479,24-06-2004,,,,,AAATC4022C,,,
427bbaec-3117-3299-897b-dc3d3e4c1e41,,,858,15-07-2015,,DEL-AR24862/5459,05-01-2016,,DEL-AE26510/6543,05-01-2016,,,,,,,,,,,AAETA8389A,,,
fb95c4bb-68e7-3d20-b679-c78af8064bc4,,,184,17-12-2004,,DIT(E)NO:2(993)/04-0,13-07-2005,,DIT(993)/04-05,17-08-2016,,,,,075820382,25-05-2010,,,,,AAATJ6389D,,,
7a65f1ed-7d48-3e0f-96a1-54a20a3a974f,,,230/10-11,05-05-2010,,,,,,,,,,,,,,,,,AAAAD7321C,,,
1df80055-87fc-33ed-815b-970a49f17d8a,,,S/45935 OF 2003,23-04-2003,,,,,,,,,,,,,,,,,NOTAPPLICA,,,
05197857-1a26-3891-9240-dbf22048ba63,,,1234567890,01-01-2016,,,,,,,,,,,,,,,,,1234567890,,,
68dd3389-fe3e-36e8-bcd0-16ed1081b091,,,S/1L/25743,01-12-2004,,,,,,,,,,,,,,,,,AABAA0835D,,,
0aad7489-da0d-37bb-9b08-8d344019fd80,,,1234567890,01-01-2016,,,,,,,,,,,,,,,,,1234567890,,,
dd1ce4e0-0e4d-3aab-a363-c0790fc5b170,,,1081/2005-06,12-12-2005,,1006/1710/CIT/EXE/TE,17-05-2013,,1006/1710/CIT/EXE/TE,17-05-2013,,,,,136530115,25-08-2010,,,,,AACTA5259K,,,
55de6781-47a9-3107-95ae-8eac055f7381,,,1234567890,16-09-1998,,,,,,,,,,,,,,,,,1234567890,,,
e45b4242-bf64-3ea4-ad5f-4e9aa26808e2,,,S-54236,24-11-2005,,,,,,,,,,,,,,,,,AAAAA7573K,,,
49532f8f-88d7-3ab6-92be-13b8aee9068e,,,3466,07-04-2010,,,,,,,,,,,,,,,,,AACTA7903L,,,
c27fae25-8ff7-3479-9546-d9f81d329bd6,,,10582,08-09-2008,,,,,,,,,,,,,,,,,AAAAD7321C,,,
3b9f8372-8dcd-30ed-9427-231ce000f337,,,1947,04-03-2008,,,,,,,,,,,206150020,10-09-2016,,,,,AACTA4128R,,,
379861bd-8be7-3729-8fc4-4efc61eca31e,,,GAN-4-0022,09-02-2006,,,,,,,,,,,,,,,,,AABTA8249C,,,
20a8b448-3f54-337e-8af6-a3c59ae9c5a7,,,21115/254,10-02-2010,,,,,,,,,,,,,,,,,AAAAA9461E,,,
7c0533d7-ef12-34ac-99eb-5b8cce638f35,,,10582,04-03-2004,,,,,,,,,,,,,,,,,AAAAH7132F,,,
b3f48d6e-ffca-3efe-b76f-5893c7543f8e,,,1234567890,01-01-2015,,,,,,,,,,,,,,,,,1234567890,,,
ae94ef85-dc1c-324a-b93c-48388c5818a4,,,NPD-1607/31/115/08,11-03-2008,,,,,,,,,,,,,,,,,AAAAA7573K,,,
8016973d-60a0-3347-9ddf-438d403cdb0a,,,1385/2003 - 2004,2004 - 09-02-2004,,,,,,,,,,,,,,,,,AAAAA5008M,,,
40fa75c7-e5b2-34c1-8162-6b446780f77a,,,8/2007,27-07-2007,,,,,,,,,,,,,,,,,AAAAA9461E,,,
aab85a35-040a-344e-9d5b-82f3b1f45662,,,474 of 1993,25-08-1993,,,,,,,,,,,,,,,,,AAATA5404G,,,
a3c05ea0-5d0e-3bfd-8d3b-be31f1d9544d,,,F â€“ 5319 (Pune),08-11-1969,,,,,,,,,,,,,,,,,AAATA3756F,,,
ef08118a-0d8c-398e-8b5f-6edae2f21b2a,,,121/2004,10-04-2004,,,,,,,,,,,,,,,,,AAAAA7566L,,,
60db253c-caee-3cf8-b368-8f61cf93b16a,,,16 (UD) of 1987,18-06-1987,,,,,,,,,,,,,,,,,AABTA9360L,,,
5e463e8d-ca6a-3859-8a03-1c9cce27c91d,,,E/3381/,15-03-2003,,,,,,,,,,,083990170,04-08-2010,,,,,AABTA5935D,,,
e9929f03-49a6-398a-86e5-a1eeb01b470c,,,1234567890,01-01-2015,,,,,,,,,,,,,,,,,1234567890,,,
469dff33-84da-3707-86bc-5c1a8b58b4b0,,,554,03-03-2005,,,,,,,,,,,094421602,17-09-2015,,,,,AADTA6274H,,,
8c2635db-7283-313f-a0bb-b036a7d3dec0,,,S- 24549,24549 - 20-06-1993,,,,,,,,,,,,,,,,,AABTA1503F,,,
19f3e848-79db-3f1b-b912-5fe43ca8c4e8,,,35/2007-08,10-02-2010,,,,,,,,,,,,,,,,,AAAAH7132F,,,
cf8532d2-5c8e-31db-94ae-3406bc00bf3b,,,14987,14-01-1983,,,,,,,,,,,,,,,,,AAACA6572C,,,
70a74785-83de-3ff9-87c9-1a6f6233add6,,,1234567890,14-11-2013,,,,,,,,,,,,,,,,,AAETA1122F,,,
ef84c706-b287-304d-8fb4-28d55e4f8ba8,,,S 41627 of 2002,19-02-2002,,,,,,,,,,,,,,,,,AAATA7817K,,,
b240c154-6b8c-3684-bfd3-1110769bb22b,,,30633/ 2010-11 BK 1,01-02-2011,,,,,,,,,,,,,,,,,AADTA1587F,,,
de9e2d37-1bca-3166-886e-491840663808,,,10582,04-03-2008,,,,,,,,,,,,,,,,,AAATT5514C,,,
fb9dd87d-fcfb-33a6-82d7-8b3a675cf947,,,1075,17-02-2010,,,,,,,,,,,,,,,,,AAAAA7573K,,,
2bf81cf9-3dca-355e-9060-3371e462b041,,,10582,08-06-2011,,,,,,,,,,,,,,,,,AAAAG8812D,,,
a4b4228e-a4c3-3935-bd47-097689f0babf,,,230/14-15,06-03-2012,,,,,,,,,,,,,,,,,AAAAH7396F,,,
84f1ff49-dc01-30ab-b92a-9b054d47e4b6,,,1234567890,06-08-1999,,,,,,,,,,,,,,,,,1234567890,,,
367fcfc4-a9f7-3bdd-a115-bbd38530ea78,,,1234567890,01-01-2015,,,,,,,,,,,,,,,,,1234567890,,,
3e935169-f4eb-326f-a49f-334453558522,,,718/10A/Vol I/A-855/,03-07-2001,,,,,,,,,,,,,,,,,AAATA4879R,,,
2562d386-2f7f-335d-b2d9-ceccddd368f3,,,S/63746/2008,27-10-2008,,,,,,,,,,,,,,,,,AABAA1784D,,,
dbbb6402-1546-3927-bc40-7e2c796f6ec0,,,6409,18-08-2016,,,,,,,,,,,,,,,,,AAAAE2969D,,,
11cc83e5-6dcc-3035-85ca-b5d348ab4326,,,6325,14-10-1988,,DIT-VI/TE(347)/88/19,27-03-1989,,,,,,,,23165069,03-02-1992,,,,,AAATI2569Q,,,
3eeb82ac-46c7-3e79-8463-3da8dc271786,,,18-15686,09-05-1998,,,,,,,,,,,,,,,,,AAACA9317R,,,
fca6bece-9873-32ec-a8c8-7e61840248fa,,,1234567890,13-12-2007,,,,,,,,,,,,,,,,,AADTA2558A,,,
44ad20cd-3218-3afb-bfcf-01892a4ed1a0,,,220,20-02-2006,,,,,,,,,,,,,,,,,AABTA6931D,,,
79ac728f-b872-3a61-b284-9ecb2293dcbd,,,584/1993-94,17-09-1993,,2/12 A 93-94/8949,07-10-1994,,249/1465,04-09-2006,,,,,136530037,04-07-1994,,,,,AAAAH7396F,,,
8ecf064a-ac64-3a1b-8913-ab5b816be86d,,,10582,11-09-2012,,,,,,,,,,,,,,,,,AAATI2569Q,,,
1e22aaee-54a1-350e-8e5a-7fc77a5fb506,,,1188,08-07-2008,,,,,,,,,,,,,,,,,AAAAD7321C,,,
8baeb5a8-5418-3442-8b95-244ed0a79f3a,,,1567 Bk No 4 Vol 839,07-04-2000,,,,,,,,,,,,,,,,,AAATA6961A,,,
32dc5249-6848-3852-b85e-fe3c71d080fd,,,S 35508 of 1999,30-08-1999,,,,,,,,,,,,,,,,,AAATA3811F,,,
d9485aa2-5272-33cf-a2da-e82c984bf0a9,,,1234567890,01-01-2015,,,,,,,,,,,,,,,,,1234567890,,,
1a231cb3-637b-3c9c-af11-1a796f77e95c,,,10582,05-02-2009,,,,,,,,,,,,,,,,,AAAAD7321C,,,
d3e291b2-65fd-3924-9731-96b69959c421,,,1188,14-03-2010,,,,,,,,,,,,,,,,,AAATI2569Q,,,
435f08e9-0812-3a5e-80c4-3f5f47c8b95a,,,10582,16-03-2004,,,,,,,,,,,,,,,,,AAATI2569Q,,,
88b888c2-515e-3d91-8994-26fa8d43ba59,,,s-51839,25-02-2005,,,,,,,,,,,,,,,,,AABTA9209Q,,,
2b19be64-9a96-30a8-b172-96d9b7cbad40,,,1234567890,10-05-2002,,,,,,,,,,,,,,,,,1234567890,,,
7522291a-8e78-3251-8acc-562aa0ac8909,,,MH/2015/0086661,14-01-1998,,,,,,,,,,,,,,,,,AAAAH7132F,,,
b11d79f0-7f89-3149-a33f-61fb029c2beb,,,27850,30-03-2015,,,,,,,,,,,,,,,,,1234567890,,,
0867db0d-6204-3e66-9a79-6b88ad1a7d86,,,1234567890,01-01-2016,,,,,,,,,,,,,,,,,1234567890,,,
29ce0244-aa51-3f48-b430-163c6f9c4ab6,,,1234567890,01-01-2015,,,,,,,,,,,,,,,,,1234567890,,,
05fabba7-81c2-3c39-9e53-f66ec433993e,,,1188,08-03-1994,,,,,,,,,,,,,,,,,AAMTS2499F,,,
d0727e66-7803-3cc0-8365-cbe42ba5c117,,,231/1980,16-01-1980,,,,,,,,,,,,,,,,,AABTA1935H,,,
80f692ed-f749-3990-ade7-89e85a1e650a,,,5213,17-03-2015,,,,,,,,,,,,,,,,,AAATS4205P,,,
c655354a-f3e6-377a-9bc7-fae295592079,,,1234567890,01-01-2015,,,,,,,,,,,,,,,,,1234567890,,,
14b30243-80d5-3436-b443-49916c3f711a,,,1234567890,06-12-1993,,,,,,,,,,,,,,,,,AAATA7831M,,,
aaaf3375-e65c-3e08-a68d-b3c34f9b4797,,,1234567890,01-01-2015,,,,,,,,,,,,,,,,,1234567890,,,
3eb75783-93d3-34f6-920a-475b53bcacf0,,,Guj.14251/Ahemdabad,02-09-2008,,,,,,,,,,,,,,,,,AADTA2376G,,,
ec83d961-59a0-31d4-bd33-2d6744bc7dd7,,,HR/012/201,27-11-2013,,,,,,,,,,,,,,,,,AABAA5013F,,,
994d7808-154e-3492-805c-8356453dc4cc,,,TN/2009/0000488,10-03-1994,,,,,,,,,,,,,,,,,AAAAG8812D,,,
3eaefa2f-21d9-3fa3-9f29-8aefdcb03ca9,,,S/42649/,22-05-2002,,12A/2005-06/A1904/05,24-07-2005,,,,,,,,,,,,,,AAAAA6003E,,,
fadfdb47-cc85-3c6e-b482-95eebd170a23,,,S/2L/4569,02-05-2013,,,,,,,,,,,,,,,,,AADAA0855H,,,
46a8260f-e749-32ee-8536-d4a079ddc32a,,,1234567890,01-01-2015,,,,,,,,,,,,,,,,,1234567890,,,
9e942189-7982-31d4-9d73-176c6ccd0850,,,E-8193,18-06-1991,,,,,,,,,,,,,,,,,AAATA0893R,,,
51b1a2ff-3e7d-3d72-9c0c-3245efc33af1,,,10582,07-09-2005,,,,,,,,,,,,,,,,,AAAAA6003E,,,
6330db1c-dd52-35ea-9a35-7196c58f6818,,,S/2L/3004,25-03-2013,,,,,,,,,,,,,,,,,AADAA0920F,,,
46df5178-3b34-3580-835b-c7e11e08530e,,,860/GBBSD/2013,10-04-2013,,,,,,,,,,,,,,,,,AAETA1504B,,,
b241620d-b2ea-3eab-b323-9ffffe13e4ab,,,230/10-11,16-02-2010,,,,,,,,,,,,,,,,,AAAAH7396F,,,
3a8fa823-d79c-3fac-a342-4729e205e3aa,,,1234567890,01-01-2015,,,,,,,,,,,,,,,,,1234567890,,,
d4c144c8-48b5-3afa-a768-661b3d695fb5,,,S/17102,03-01-1976,,,,,,,,,,,,,,,,,AAAJB0684K,,,
c074c01f-f7c9-3584-9038-74475bc257af,,,100/88,08-02-2010,,,,,,,,,,,,,,,,,AAMTS2499F,,,
22ce3c91-0f4f-34bf-9a6b-989ab6164f11,,,10582,09-06-2010,,,,,,,,,,,,,,,,,AAAAA7573K,,,
facab875-74ea-33bb-9de7-dc728971b58a,,,254,03-08-2011,,,,,,,,,,,,,,,,,AABTB8447M,,,
958503ba-e74b-3655-92d4-dcb85d04de6b,,,"Book-4,11686",05-08-2003,,,,,,,,,,,,,,,,,AABTB0175G,,,
2d942b93-05c5-3d7a-abb1-2c893afb69e3,,,1234567890,14-04-2016,,,,,,,,,,,,,,,,,1234567890,,,
695f6e72-877a-34b5-8bef-8179d3f5c05a,,,S/55434/20,21-04-2004,,,,,,,,,,,,,,,,,AABTB0953A,,,
98f7d5b2-d407-341a-931b-16d0d7c2283e,,,E2341,19-05-1968,,,,,,,,,,,,,,,,,AAATB0012D,,,
68a85227-9bd3-3e88-b084-44dc9d4f8c74,,,234/2006,23-04-2006,,,,,,,,,,,,,,,,,AACTA7903L,,,
d6323b42-35e9-3120-ab9c-656ec937bd9c,,,S/1L/25592,24-11-2004,,,,,,,,,,,146930046,28-04-2008,,,,,1234567890,,,
6c94527c-a224-35b1-9e94-7eb1cbc4b194,,,S-25059,12-03-1993,,,,,,,,,,,,,,,,,AACAB7316D,,,
31511e01-0b9e-3a48-a169-5d22acd0a13e,,,1234567890,01-01-2015,,,,,,,,,,,,,,,,,1234567890,,,
6800ab00-9ca1-3f27-9c58-0b9429fd170d,,,129 of 1964,19-10-1964,,,,,,,,,,,,,,,,,AAABB0008K,,,
79f5e078-1c6c-3be6-a8f8-cac2176237b5,,,36939,06-05-1998,,,,,,,,,,,,,,,,,AAAAE2969D,,,
1dfc8714-2864-3b5e-981e-341f52f93603,,,8901467,30-09-2014,,,,,,,,,,,,,,,,,AACTB4075C,,,
f026c50b-3e64-3601-868f-c0f3c2c429c8,,,IV-17,29-11-1995,,,,,,,,,,,,,,,,,AAATB6075G,,,
a68ab501-a3b6-37ca-b89d-fe1a68ff5ab9,,,S-30499,11-08-1996,,,,,,,,,,,,,,,,,AAATC3017F,,,
b686595b-c0fb-3a1f-8764-c6183c80f666,,,1099,08-04-2009,,,,,,,,,,,,,,,,,AAAAH7132F,,,
0743c1ff-5f78-3461-acea-d3341425fdf7,,,2434 /1998,16-01-1999,,,,,,,,,,,,,,,,,AAATC2835P,,,
239ab4af-49d1-36a6-8f34-9d0c874bd370,,,1234567890,01-01-2015,,,,,,,,,,,,,,,,,1234567890,,,
2aaab101-b5e1-352f-ad29-67e86c05f8e8,,,1234567890,01-01-2015,,,,,,,,,,,,,,,,,1234567890,,,
702aed97-3a14-32f1-a11c-912cad766aec,,,222,24-05-2016,,,,,,,,,,,,,,,,,AADFC2648B,,,
9ef9d856-8085-39b0-8ab8-0c1a7e2c7e77,,,41521 of 1986,07-11-1996,,,,,,,,,,,,,,,,,AAATC1732D,,,
19569740-8609-3bb8-a72c-5c639a734a50,,,1234567890,01-01-2015,,,,,,,,,,,,,,,,,1234567890,,,
f3401279-65d7-38fb-8410-723daba6a5f7,,,53/83,26-07-1983,,,,,,,,,,,,,,,,,AAATC4299D,,,
0b9b4a20-b551-30fc-aa5b-41801fce3b57,,,DB1085,01-02-1990,,,,,,,,,,,,,,,,,AAATC1416A,,,
7fd557d2-23bc-3dc6-a9e7-43fdf8cf54c9,,,6146,16-02-1994,,,,,,,,,,,,,,,,,AAAAA7573K,,,
bf0ed069-d62d-3080-90bd-bbd8efc685e7,,,741-13,31-05-2002,,,,,,,,,,,,,,,,,AAAAA9461E,,,
4acecbe1-b315-308c-bd35-e692b3067ff4,,,10582,06-01-2004,,,,,,,,,,,,,,,,,AAAAD7321C,,,
c07a70af-3739-39a5-9dd4-7c8566b4e2f4,,,F/16260 (Pune),03-08-1999,,,,,,,,,,,,,,,,,AAATC2642J,,,
a40c50c0-5730-3ea6-a3a5-ebd67465aca6,,,1234567890,01-01-2016,,,,,,,,,,,,,,,,,1234567890,,,
46e3e861-f299-379e-82ef-c138e89839bf,,,S-33413 of 1998,06-08-1998,,,,,,,,,,,,,,,,,AAATC8128R,,,
eb3c27b9-17db-3e6b-b484-71bb6601f8af,,,No. IV-SF,05-04-1999,,,,,,,,,,,,,,,,,AAATC3357Q,,,
46221b16-e1fd-30ff-ba6b-cdf8b963b49b,,,1234567890,01-01-2015,,,,,,,,,,,,,,,,,1234567890,,,
a2eb07cc-7229-3dc3-aade-ee8379d8b5b5,,,S/1L/5670/ 08-09,15-12-2008,,,,,,,,,,,,,,,,,AABAC1461D,,,
5c1ea25f-5f42-3e1c-a2b6-91ec3c505b1c,,,3466,07-04-2010,,,,,,,,,,,,,,,,,AACTA7903L,,,
44b12f51-53f7-3cec-bad6-cb8cbcc47190,,,8259,17-12-1993,,,,,,,,,,,,,,,,,AAATC3286G,,,
10077426-ec63-3024-b64d-41902714b232,,,S/21828,12-04-1998,,,,,,,,,,,,,,,,,AAATC6256G,,,
0a793849-a8e5-3bbe-b78d-e631d0945a4f,,,MH/1635/0082,08-05-1982,,,,,,,,,,,,,,,,,AAAAE2969D,,,
94fbedfc-2874-39b4-bc01-86605f379af3,,,S/RS/SW/13,15-07-2015,,,,,,,,,,,,,,,,,AACAC3673L,,,
64553eb8-0104-3479-96c7-a3e633386f38,,,S/1L/85072,17-11-2011,,,,,,,,,,,,,,,,,AACAC0048H,,,
1217b705-1cac-3e6f-81d3-68ab1c96d30b,,,08/31236,17-05-2000,,,,,,,,,,,,,,,,,AABCC6926B,,,
48832ee5-f30d-3dfc-87b3-011faeb2747d,,,1882/96-97,28-02-1997,,,,,,,,,,,,,,,,,AAATC3677M,,,
ae1bb685-e475-3819-a3d0-6dca5fa4fd56,,,10582,15-04-2009,,,,,,,,,,,,,,,,,AAAAA9461E,,,
eab4a28e-8bf3-3bcf-a325-35d6327ee9e3,,,4797,01-01-1985,,,,,,,,,,,,,,,,,1234567890,,,
4242d1f2-6e48-3256-96a3-fea2cec44e1c,,,41/CBA/201,24-10-2010,,,,,,,,,,,,,,,,,AABAC0605M,,,
caba0132-a548-3be0-a375-469c47389b58,,,168/98,12-04-1998,,,,,,,,,,,,,,,,,AAACC7367D,,,
2b133267-4f4b-3aa8-b7a6-b3956b6d9da5,,,DL/2009/0003509,14-05-2007,,,,,,,,,,,,,,,,,AAAAG2194C,,,
7454f011-6497-334b-ba37-60cb4d5f557f,,,E-4491,18-01-2006,,,,,,,,,,,,,,,,,AAATC8344F,,,
8116abc4-4e2b-3812-b7dc-79e73943831a,,,1419,23-09-2009,,,,,,,,,,,,,,,,,AABTR4416Q,,,
fa541951-1362-3bcc-8ac1-6d00bb114d06,,,10692,02-12-2006,,,,,,,,,,,,,,,,,AAATC9273F,,,
c10102c3-a458-3e0b-9c97-3b02e03022cc,,,E 29537 (M),22-04-2013,,,,,,,,,,,,,,,,,AABTC4501H,,,
42711bb6-232a-3155-98f0-dfb074aeb9f2,,,S/92139,05-11-1998,,,,,,,,,,,,,,,,,AABAD5311M,,,
8694f559-59ae-37b6-b2c5-520d22b12333,,,S36901,04-04-2000,,,,,,,,,,,,,,,,,AAATC2961Q,,,
8aa185be-de38-3d42-971c-8101e6e173d6,,,100/88 E,11-02-2010,,,,,,,,,,,,,,,,,AAAAH7396F,,,
aed33763-940f-3654-92d3-90214485cc04,,,317,31-07-1978,,,,,,,,,,,,,,,,,AAATD6893Q,,,
3484bf92-039c-373f-b6ef-b1cdcef873b4,,,2236,16-05-1963,,,,,,,,,,,,,,,,,AAATD5531H,,,
1fcc3fa8-d182-3233-8ab3-fe44c6241746,,,1918,21-12-2005,,,,,,,,,,,,,,,,,AAFFD1185N,,,
0fdc8161-08bf-3335-aa8c-05bdb3173b2b,,,21115/254,20-12-2000,,,,,,,,,,,,,,,,,AAAAH7132F,,,
8d55d71c-aae5-33ad-a98f-3ea768d4887e,,,JAY-4-00667-2005-06,03-01-2005,,,,,,,,,,,,,,,,,AAATD8924A,,,
e2d085de-3845-37cf-a8bd-f148d1681e90,,,F/4260/AMDAVAD,05-06-1994,,,,,,,,,,,,,,,,,AABFD8824C,,,
bc2c6cfe-8c88-35d9-87b5-746d80e84782,,,S-48482,15-02-2007,,,,,,,,,,,,,,,,,AAATD5274D,,,
015abda5-33c5-3520-9e85-84d7d19ada05,,,180/2006,11-08-2006,,,,,,,,,,,,,,,,,AAATD9812H,,,
628c7f22-84e2-3b43-b6e9-ff361f3a056a,,,F-198561,17-02-1998,,,,,,,,,,,,,,,,,AAATD1358A,,,
52947bb9-0a33-3ce3-a0b7-7023f6a07981,,,S/RS/SW/00,14-07-2016,,,,,,,,,,,,,,,,,AABTD9924D,,,
f8ab2782-b467-391d-8c83-f38de87a3078,,,S/25148 OF 1993,15-12-1993,,,,,,,,,,,,,,,,,AAATD3772A,,,
f677f096-6b93-3550-bad8-04a48f0358d3,,,386/98-99,23-03-1999,,,,,,,,,,,094421612,23-03-1999,,,,,AAATD3446M,,,
1e81a2b6-7c29-3ce8-b65c-6940fb960560,,,F/22309/Pune,04-07-2007,,,,,,,,,,,,,,,,,AAAAD7321C,,,
2c2b7eae-9c10-376d-ab49-8bf56a471d3b,,,454,10-08-2016,,,,,,,,,,,,,,,,,AAATD7749P,,,
ac91b5e9-b6d2-32d7-97eb-dd330f79bc0a,,,169/96,28-10-1996,,,,,,,,,,,,,,,,,AAATD2995H,,,
661c2f13-9e0c-3e41-b7c1-ee37afcc789f,,,1234567890,01-01-2015,,,,,,,,,,,,,,,,,1234567890,,,
18821b34-4820-3fe6-adec-3ac616a6cdef,,,E-14394,20-03-1993,,,,,,,,,,,,,,,,,AAATD2794A,,,
8381060d-b7f7-32ee-9815-9616c213939c,,,62567/2008,20-06-2008,,,,,,,,,,,,,,,,,AAAAE2969D,,,
6dd9af24-8a61-3232-8e02-fd693a1cb830,,,44224,30-10-2002,,,,,,,,,,,,,,,,,AAATE1354P,,,
6c654920-caad-3fef-bc2c-10979536920f,,,S-57377,18-12-2006,,,,,,,,,,,,,,,,,AACFE5067B,,,
19eb5033-18d0-3a26-9b2b-1b3a1437c389,,,434/2009,03-08-2009,,,,,,,,,,,,,,,,,AAATE3547N,,,
b92c5ea9-e6cf-3743-a43c-d34162eebd13,,,394/1999-2000,22-12-1999,,,,,,,,,,,094421352,04-12-2002,,,,,AAATE0632J,,,
c44ee6c2-823e-383d-9e4f-c007867b507c,,,5347/07,27-12-2007,,,,,,,,,,,,,,,,,AAATE2894E,,,
b0719bcb-56dc-3eb2-b232-b9a40b3b30e7,,,HR01820130,09-07-2013,,,,,,,,,,,,,,,,,AAATE3346B,,,
54d6310b-3b41-3715-8e78-041b0b65b00b,,,1188,02-01-2012,,,,,,,,,,,,,,,,,BQFPS9306H,,,
8b475720-a230-3cf6-82f6-32ace4167a98,,,713/ 2012/,13-06-2012,,,,,,,,,,,,,,,,,AAATE4621R,,,
6a87f972-2b2c-352d-98ba-80c94f24af98,,,E-5827 (PUNE),22-02-2011,,,,,,,,,,,,,,,,,AAATE4425B,,,
ce07ef86-901d-3a53-b0ec-4875eb0138f4,,,2222222222222,28-12-2016,,22222,14-12-2016,,222,30-12-2016,,222,29-11-2016,,222,21-12-2016,,,,,ALPSDFT59Q,,,
a588cf49-0eda-3139-89ca-1fdaa5d6b8bb,,,160/2003-2004 in CD,02-07-2003,,,,,,,,,,,,,,,,,AAATF0985D,,,
0ab00cd0-845a-318f-a031-52a8872cde71,,,160/2003-2004 in CD,02-07-2003,,,,,,,,,,,,,,,,,AAATF0985D,,,
dd445ee0-a7be-38e3-b327-5cebfc6dc8ac,,,1326 BKno4,24-03-2000,,,,,,,,,,,,,,,,,AAATF1428P,,,
b8815abf-45d0-3134-81d2-2ec86e598107,,,1234567890,15-04-2004,,,,,,,,,,,,,,,,,AAATF0087G,,,
c99c208a-b6d9-3556-8df2-c03964a521c1,,,1234567890,01-01-2015,,,,,,,,,,,,,,,,,1234567890,,,
8fa2f4ff-7644-3382-97cb-cbeb91b19356,,,220,22-07-1993,,,,,,,,,,,,,,,,,AAAAT5695H,,,
71744ac4-499b-3327-b7e7-d8258485c8a1,,,703,14-12-2006,,,,,,,,,,,,,,,,,AAATF2080K,,,
f1253fbd-c6ad-33ff-8736-ed2bf82e29a3,,,1188,05-01-2011,,,,,,,,,,,,,,,,,AAMTS2499F,,,
2f1e9805-4099-31f3-952d-1f9ed4de33dd,,,10582,08-03-2011,,,,,,,,,,,,,,,,,AAAAA7573K,,,
d578beeb-29e3-3371-bb86-f82ac49a0030,,,255/1992,12-02-1992,,,,,,,,,,,,,,,,,AAATG3106B,,,
4f7a28a1-e3a8-3c7c-9fcb-9160b0386cc2,,,E-4913,12-02-2007,,PN/CIT/Regn.12A(a)/5,01-04-2009,,Pn/CIT-I/80G/319/201,08-10-2010,,,,,2010.No. II/21022/6,26-04-2013,,,,,AAATF2210M,,,
d6b10b6c-d57e-36a6-8ed9-e3ed6eb9fc12,,,R01820130,12-05-2005,,,,,,,,,,,,,,,,,AAAAA9461E,,,
059583bc-448f-3d7b-927a-2b20899193dd,,,374/2006,07-03-2006,,,,,,,,,,,,,,,,,AAAAG8812D,,,
85b85a70-1855-31ee-bae3-5599d97ac4d4,,,665/2001,12-12-2001,,,,,,,,,,,,,,,,,AAAAG2916Q,,,
2c120e86-031a-3ab5-9b66-5acfc058efce,,,TN/2009/0002208,01-01-2000,,,,,,,,,,,,,,,,,1234567890,,,
162235c8-8af0-3f51-b39a-caa72e29cc8b,,,1234567890,01-01-2015,,,,,,,,,,,,,,,,,1234567890,,,
b7d3fb86-f87b-3864-aae3-ef806907e100,,,1234567890,04-04-2012,,,,,,,,,,,,,,,,,AAAJG1382R,,,
7ada55cb-7d74-30dc-a9f3-85effaadffef,,,223/NAGOUR/2007-08,21-02-2008,,,,,,,,,,,,,,,,,AABTG5993P,,,
e32dd993-bd80-3c77-a1bb-3198364f483a,,,S/66874/,09-09-2009,,,,,,,,,,,,,,,,,AAEAS7767D,,,
5b7dc2d7-eec2-33c6-b875-d880c53637c9,,,700,19-01-2005,,,,,,,,,,,,,,,,,AAATH4809C,,,
17877696-0870-3755-9d9a-9f7a6d7eaca4,,,BNG (U) BLR (S) /913,04-12-2006,,,,,,,,,,,,,,,,,AAATH6254R,,,
a2c3e43a-cee0-3eac-9091-4cab6eae24b0,,,223/BK4/2004,18-03-2004,,,,,,,,,,,,,,,,,AACTG1164B,,,
dd4396c9-7b80-3144-9ac5-48d26956e285,,,456rt,26-09-2007,,,,,,,,,,,,,,,,,AAATH6749P,,,
48be5df9-2811-3207-888f-af511a7a83bb,,,8900443,23-01-2002,,,,,,,,,,,,,,,,,AAAAH7132F,,,
b905e2b4-f98c-3856-912c-82155a6d4b3c,,,5-30528 of 1996,18-11-1996,,,,,,,,,,,,,,,,,AAACH2843M,,,
0dd4e598-b360-3707-a6a2-313b85dd375c,,,S/21578,28-12-2012,,,,,,,,,,,,,,,,,AAATM0683R,,,
ea563767-4de1-393e-bcd8-538944ff2a5d,,,1216 of 2005,22-07-2005,,,,,,,,,,,,,,,,,AAAAH7396F,,,
3551a919-bff2-3676-8142-0089ba81a1c4,,,1234567890,08-02-2006,,,,,,,,,,,,,,,,,AAAAG2194C,,,
8e732189-c093-3ba6-8799-dd21d7ba228c,,,S/1L/80529,06-06-2011,,,,,,,,,,,,,,,,,AABTH0414L,,,
bda159e3-510d-3b15-9545-8527151e2424,,,23/1986,28-04-1986,,,,,,,,,,,,,,,,,AAATH1671A,,,
e9573f2c-dcb6-3a3c-89fe-4569f6753629,,,1234567890,01-01-2015,,,,,,,,,,,,,,,,,1234567890,,,
b253ab4f-b319-3448-a82d-c2decb996dec,,,GAN-4-00263-2008-09,19-03-2009,,,,,,,,,,,,,,,,,AAATI7305N,,,
cf71e849-727d-3e4b-a1c5-f38b930851e7,,,S/83526,20-05-1996,,,,,,,,,,,,,,,,,AAAAI0820M,,,
011d6b27-8580-3e7d-8035-7227065b531b,,,1403,21-03-1993,,,,,,,,,,,,,,,,,AAATI0384D,,,
706717e9-14ff-34f4-a393-75358627f3e5,,,E-9792(Mumbai),18-03-1984,,,,,,,,,,,,,,,,,AAATI2637K,,,
e5f6bc30-4abd-3607-bf54-972ed79a1fbf,,,1234567890,14-04-2016,,,,,,,,,,,,,,,,,1234567890,,,
cd2368af-9e82-37ff-b377-c9dcbf1911bb,,,426/ 1986-1987,19-12-1986,,,,,,,,,,,,,,,,,AAATI2841P,,,
e6ae5682-4fe6-3a36-b8fe-12dd5d322b8f,,,F-9307 THANE,16-12-2001,,,,,,,,,,,,,,,,,AAATI2569Q,,,
f6ec960a-b748-3fb5-a422-015aa772cef6,,,36939,10-04-2004,,,,,,,,,,,,,,,,,AAATI5716P,,,
f177ee1b-8484-3443-9c38-f07882fdab73,,,224/ 2006-07,10-12-2006,,,,,,,,,,,,,,,,,AAATI6123J,,,
f6c16702-471c-3419-b3ff-c557511baabf,,,S- 1787of 1961-62,1787of 1961-62 - 18-08-2004,,,,,,,,,,,,,,,,,AAAAI0025L,,,
4024fe15-cdf7-3f55-9507-4858501c0af7,,,1234567890,01-01-2015,,,,,,,,,,,,,,,,,1234567890,,,
1b3de2cc-b294-3fd8-b120-f84885a9c6c7,,,S.43706,05-09-2002,,,,,,,,,,,,,,,,,AAATI3591G,,,
b98628cc-c04a-39d2-bb01-ec6abdb16662,,,ROS-231,22-07-2002,,,,,,,,,,,,,,,,,AAATI7509N,,,
a2579f30-db76-3005-b085-fddcc70a31df,,,E/432/Poona,25-02-1970,,,,,,,,,,,,,,,,,AAATI0507L,,,
506c0492-982c-31cd-a373-94314bec5d2a,,,1234567890,01-04-2015,,,,,,,,,,,,,,,,,1234567890,,,
14ae2702-4381-3101-a203-152fb1e794ba,,,5454,21-11-2009,,,,,,,,,,,,,,,,,AAATI7630Q,,,
de93379d-f031-3e71-abee-73fe7bb1585e,,,",5524 of dt 29/09/08",29-09-2008,,,,,,,,,,,,,,,,,AAATI0312B,,,
cd72e36a-8aa5-3b63-be24-edb85e2e1307,,,DKL 5765/5,02-06-2007,,,,,,,,,,,,,,,,,AABAJ0928Q,,,
d5e78b3d-c31a-39be-867a-4268abe8d10b,,,7320143 of 2003-2004,12-02-2004,,,,,,,,,,,,,,,,,AAAAA9461E,,,
4e0f4bb8-9234-3b0c-93a5-0c4cc38eeb87,,,12 Jaipur 2005,03-02-2005,,,,,,,,,,,125560221,15-09-2010,,,,,AAATJ9914G,,,
6ec34414-8064-36eb-9268-1c02333def19,,,54755/2006,25-01-2006,,,,,,,,,,,,,,,,,AAAJJ0533B,,,
90e4bf34-61de-3117-a990-993ea6b174f5,,,2397,28-02-2008,,,,,,,,,,,,,,,,,AABTJ0262A,,,
45055e44-90bc-33e3-a831-470c5be4fe50,,,1234567890,01-01-2015,,,,,,,,,,,,,,,,,1234567890,,,
79d5a0b1-41d8-3f6e-bf95-e5d97f73d88e,,,1234567890,01-01-2015,,,,,,,,,,,,,,,,,1234567890,,,
24205a0f-8ba6-3e33-8481-22b35f30d69e,,,F-1624,11-07-1989,,,,,,,,,,,,,,,,,AAATJ1514G,,,
04a7f722-7af2-38c2-a9a0-245f413a92ca,,,S/14285,02-02-1984,,,,,,,,,,,,,,,,,AAATJ2964J,,,
ee04af2e-c552-3d61-8230-1ef3c9604a3f,,,1234567890,01-01-2015,,,,,,,,,,,,,,,,,1234567890,,,
ec36bd17-d85c-3076-abd2-b33a6a5f9910,,,538jaipur/2014-15,07-11-2014,,,,,,,,,,,,,,,,,AAABJ1026F,,,
5bae2024-617d-3c98-adec-2ba2c4f17fe1,,,1234567890,01-01-2015,,,,,,,,,,,,,,,,,1234567890,,,
831886f5-671f-37d1-9680-82613ed96633,,,MAHA /483 /2010,22-06-2010,,,,,,,,,,,,,,,,,AABAJ2964N,,,
01cc8848-a29d-3054-872c-9895e83fb18b,,,1095,10-06-2009,,,,,,,,,,,,,,,,,AAAAE2969D,,,
783fb319-8a05-3885-81e6-0776880b7f19,,,49003 of 2004,26-04-2004,,,,,,,,,,,,,,,,,AAAAJ3629F,,,
8782fb5f-4d55-390e-9bd5-49296119af96,,,U80301KA20,21-07-2007,,,,,,,,,,,,,,,,,AABCJ8534G,,,
3dc7f18e-9455-3a2b-9c0c-22e5a6e0f6b7,,,S/46446,16-06-2003,,,,,,,,,,,,,,,,,AABAJ1585H,,,
4e462b1d-8f9d-30c6-bb6c-73c13c395cee,,,1234567890,01-01-1956,,,,,,,,,,,,,,,,,1234567890,,,
ac0e92c5-1923-3c52-a089-2208592c5824,,,S/62186,21-05-1989,,,,,,,,,,,,,,,,,AAATK5357Q,,,
9e514a93-8969-3f29-8b75-041831e61f24,,,1234567890,01-01-2016,,,,,,,,,,,,,,,,,1234567890,,,
bf37c164-aa29-3692-9f10-e74d41acc1a7,,,25/1956,28-12-2011,,,,,,,,,,,,,,,,,AAECK6022D,,,
05ab71d8-441f-3959-a8f4-2e968211ccac,,,S/65067/20,16-01-2009,,,,,,,,,,,,,,,,,AAJFK9554A,,,
af5250fa-3a63-371e-bf38-dbe311ed5f10,,,S/1L 21508,29-04-2004,,,,,,,,,,,,,,,,,AAABK0390D,,,
2fa27fa3-a60d-3a85-b18d-41f599ce6ece,,,JH/2009/0007717,14-04-1972,,,,,,,,,,,,,,,,,AAAAA7573K,,,
33006dec-25e9-3fcd-884a-91a39320f9af,,,S/69162,10-12-1991,,,,,,,,,,,,,,,,,AAAAK3272B,,,
99c51138-71bc-3335-af20-c66cf4e19a7d,,,E/25907/Mumbai,27-07-2009,,,,,,,,,,,,,,,,,AABTK8369H,,,
69dd6caf-ea7e-3c5f-873f-27a1189cd1ff,,,S/IL/16378,04-08-2003,,,,,,,,,,,,,,,,,AAAAL1801B,,,
67a6b5cc-0a39-3a13-a59d-6a38fe4f7a5e,,,36939,03-05-1990,,,,,,,,,,,,,,,,,AAAAL0430E,,,
624b3878-c59a-35ed-95e6-25a0419c20af,,,393/1882,03-02-2012,,,,,DEL-LE24407,04-09-2012,,,,,,,,,,,AAATL9638D,,,
9a913a7c-bd87-345c-a7e5-569aacbb592b,,,F-33607(Nagpur),30-10-2015,,,,,,,,,,,,,,,,,AABAL0678D,,,
28bbab13-5802-30cb-a7dc-ee9fd4b90365,,,1095,05-05-1998,,,,,,,,,,,,,,,,,AAATL8633N,,,
363370d5-addf-3a60-80da-caf7c47100f4,,,1234567890,01-01-2015,,,,,,,,,,,,,,,,,1234567890,,,
67a3db31-1f22-3999-8634-0ea129beb332,,,E/19473/ahmedabad,21-01-2011,,,,,,,,,,,,,,,,,AAATL8808P,,,
65b27215-4b42-391e-b182-0c62d13873e9,,,01100/2013,25-05-2013,,,,,,,,,,,,,,,,,AABTL0670J,,,
53c6e0b4-136a-3d10-9c12-80d49dac4aab,,,2526 of 2005,28-08-2005,,,,,,,,,,,,,,,,,AAATO0400G,,,
c39b9f8e-1476-3d9f-8bde-f1ee670cf9d6,,,2017 of 2008,13-12-2008,,,,,,,,,,,,,,,,,AAATL6926C,,,
ff867d9d-8167-3cff-8917-f0ef502de8dd,,,S/1L/22219 2004-2005,10-06-2006,,,,,,,,,,,,,,,,,AABAT0540J,,,
18378903-cc9a-3a6e-9dda-7e5cfe9f76bd,,,S/59662 of 1988-1989,05-10-1998,,,,,,,,,,,,,,,,,AAATL1519K,,,
e9e1aaf8-fec1-3cef-85ab-0f3c16c26edd,,,332/76,19-10-1976,,,,,,,,,,,,,,,,,AAAAL0424C,,,
e375fe60-695b-3a22-a77b-05f78824d22c,,,10582,09-04-2014,,,,,,,,,,,,,,,,,AAAAH7132F,,,
3993e09a-38a0-3405-8bd0-ea0f0d63008a,,,F/4771/AH,10-02-1995,,,,,,,,,,,,,,,,,AAATM3204C,,,
ae94d5c8-9c2e-30b1-b1a2-e4c58e104ba9,,,21879/57-2004-2005,08-07-2005,,,,,,,,,,,,,,,,,AABTM5468P,,,
afe1debc-7c00-3522-a274-e39f760d6e3d,,,U9110 MH2001NPL13085,14-02-2001,,,,,,,,,,,,,,,,,AAATC2665F,,,
3a9e0c52-b225-3077-beaa-2222daeb77e3,,,DR/GGN/414,23-03-2007,,,,,,,,,,,,,,,,,AAAAW0946J,,,
d4ff59a6-60bb-306f-a0f6-bdd425f6c590,,,1234567890,24-06-2005,,,,,,,,,,,,,,,,,1234567890,,,
93da71a7-9f9c-3d35-8abb-460d4e20de25,,,S-25889 of 1994,21-04-1994,,,,,,,,,,,,,,,,,AABTM7129D,,,
43502beb-0ff9-33c7-9bee-87502334885f,,,S/1L/26596,10-01-2005,,,,,,,,,,,,,,,,,AAAAM9018P,,,
14da1dcb-c5e4-3220-8f60-fc1945c1d722,,,23614,11-05-1995,,,,,,,,,,,,,,,,,AAATL0376J,,,
be5b3ef7-a446-3c97-980c-b0372a4a09ed,,,F-14669,28-06-2016,,,,,,,,,,,,,,,,,AAATM0540R,,,
83fc9105-9e46-35fb-9514-43421ac23fd9,,,1234567890,01-01-2015,,,,,,,,,,,,,,,,,1234567890,,,
7a020eb5-98d9-3bad-b749-6ef3c8b41285,,,1234567890,17-06-2005,,,,,,,,,,,,,,,,,1234567890,,,
1c703e7f-5895-33bd-b8d1-5f09aef5bb42,,,F18774,31-01-2005,,,,,,,,,,,,,,,,,AABTM1421G,,,
2398f412-a0a3-3b74-bbd9-ad501994f1e6,,,1234567890,10-03-2005,,,,,,,,,,,,,,,,,AABTM0092R,,,
6fb019a0-ef79-3077-a257-2028ee9a92c1,,,5596,16-04-2005,,,,,,,,,,,,,,,,,AAAAA9461E,,,
b88f748f-279a-34aa-ad5b-298a72a34dc9,,,E/12928/,17-04-2000,,,,,,,,,,,,,,,,,AAATM7206L,,,
1edb1b44-126d-39ba-b72c-d4c03044d9cf,,,F 4494 Satara,04-02-2003,,,,,,,,,,,,,,,,,AABTM3571H,,,
e18aa0bd-92cc-315b-bfbb-1c098d98706f,,,S/19390,09-02-1977,,,,,,,,,,,,,,,,,AAATM4861D,,,
d5956fc0-e9aa-3361-8a6d-f3ab5d65034c,,,27/1996,19-02-1996,,,,,,,,,,,,,,,,,AABTM6702C,,,
402c499b-79b2-3116-9c62-dc16086bbd34,,,1234567890,01-01-2016,,,,,,,,,,,,,,,,,1234567890,,,
7db7f843-c46b-31a0-a5ea-e443f828370c,,,21115/254,16-02-2006,,,,,,,,,,,,,,,,,AAAAA7573K,,,
fe8cd063-b440-349a-ac93-fc69ec5f6792,,,E-24715 (Mumbai),14-01-2008,,,,,,,,,,,,,,,,,AACTM1118K,,,
b05ed7d2-e4a5-38e0-b41a-d06e39b8c63e,,,S/40888,08-04-1983,,,,,,,,,,,,,,,,,AABTM1917D,,,
a4c9b799-ee67-3508-810d-dbfd9bdcd3c8,,,1234567890,20-08-1987,,,,,,,,,,,,,,,,,AAATM7817M,,,
12f12d71-fa3d-3f1c-8bd9-d15a8f6dfab8,,,1234567890,01-01-2015,,,,,,,,,,,,,,,,,1234567890,,,
eef16e82-611a-39d6-bda7-fdda730e7b2d,,,10582,10-04-2002,,,,,,,,,,,,,,,,,AAAAA7573K,,,
fd09042e-efca-32d4-ad34-c993cdc55331,,,531,25-09-2002,,,,,,,,,,,,,,,,,AAATM8843R,,,
6bc71bde-0a78-3b48-b509-92e110c12f6b,,,1234567890,11-11-2006,,,,,,,,,,,,,,,,,AABTM7870P,,,
f3f54c11-33d3-3d23-90aa-8cc0a2b778db,,,1234567890,01-01-2016,,,,,,,,,,,,,,,,,1234567890,,,
1759c914-b306-3c16-a709-70fb6438cd9d,,,1234567890,01-01-2015,,,,,,,,,,,,,,,,,1234567890,,,
55feb152-bcb9-38be-8c3e-ce34d3e093c6,,,339/89-90,11-01-1990,,,,,,,,,,,,,,,,,AAATM3698J,,,
72a03920-d359-3444-9810-080765889b8b,,,S-57128,21-11-2006,,,,,,,,,,,,,,,,,AACTM1260E,,,
d9e359c0-2782-37a3-868e-6b8b2b58e424,,,1234567890,01-01-2016,,,,,,,,,,,,,,,,,1234567890,,,
aa66d55d-8670-332f-a277-6b6b7a1a7ab6,,,84/2006,09-11-2006,,,,,,,,,,,,,,,,,AABTM8353P,,,
00699ba0-2e6f-3518-807d-5ddca727b19c,,,343/94-95,02-08-1994,,,,,,,,,,,,,,,,,AAATM2019B,,,
23682b3f-7c0a-3ee4-be4f-1eb341b35779,,,1234567890,07-12-2005,,,,,,,,,,,,,,,,,AABTM6118J,,,
a1fd5cb5-96d8-3517-b0f5-077efcaeb552,,,1083/1997-98,07-02-2010,,,,,,,,,,,,,,,,,AAAAA9461E,,,
06f5fead-bb9b-36a9-aab6-ab1188e0ce30,,,6627,10-04-1980,,,,,,,,,,,,,,,,,1234567890,,,
7fac1295-681a-3c54-a01d-d2f742260f57,,,s/16177,08-05-1985,,,,,,,,,,,,,,,,,AAAAH7132F,,,
16603aba-51cd-38f3-8b31-1cd3388ce875,,,s/97329,27-01-2000,,,,,,,,,,,,,,,,,AAAAM6923F,,,
7671ecd2-159c-385e-b17c-35ea29e32210,,,E-3305 (Bom),09-09-1966,,,,,,,,,,,,,,,,,AAATP3700E,,,
f1af832f-550a-3517-ba1d-088988ffb050,,,100/88,06-01-2010,,,,,,,,,,,,,,,,,AAAAA6003E,,,
529516fb-9517-3f64-b513-39e93bcd8344,,,"Book-4,12110/09-10",31-12-2009,,,,,,,,,,,,,,,,,AACTM6178R,,,
b20f8670-097c-3cc5-9b28-094cb1cfeae8,,,1234567890,01-01-2006,,,,,,,,,,,,,,,,,1234567890,,,
2b29d617-b5f6-3335-9046-01a61e1053de,,,647 of 2010-2011,22-07-2011,,,,,,,,,,,,,,,,,AABTN4110F,,,
294337b2-8c1e-3f47-96b7-8e712c5a6b53,,,RS/BONG/252/B/66,22-12-2004,,,,,,,,,,,,,,,,,AACAN2896C,,,
2ca9cda9-3fb7-3060-bbec-60f70e53214f,,,No. 425 of 2003 of B,27-02-2003,,,,,,,,,,,,,,,,,AABTN9221H,,,
fc4acd5c-3793-336b-bf08-566daeaca709,,,1427/2005/GBBS,05-07-2005,,,,,,,,,,,,,,,,,AAATN9628H,,,
fc29da5d-79a8-3167-a16e-532db24d26b8,,,1234567890,01-01-2016,,,,,,,,,,,,,,,,,1234567890,,,
d35bd538-ca14-39d8-a830-e15a302919fb,,,S/63411/,19-08-2008,,,,,,,,,,,,,,,,,AAAAN6531A,,,
14c1673a-0eef-36f6-810c-093caed11ade,,,1234567890,01-01-2015,,,,,,,,,,,,,,,,,1234567890,,,
b338c1b1-d018-3c6e-b63e-78729851758f,,,268,28-06-2004,,,,,,,,,,,,,,,,,AAATN8294P,,,
6ba9168a-e166-3ff4-90cf-8c8398a08933,,,962/Bk 4/Vol No 1786,28-05-2015,,,,,,,,,,,,,,,,,AACTN1723B,,,
6a0530bc-75d4-3979-a159-a0276421edbd,,,109864,20-02-2002,,,,,,,,,,,,,,,,,AAAAA7573K,,,
462acd0e-01f3-3456-a33b-b13dbb773e57,,,1075,01-01-1999,,,,,,,,,,,,,,,,,1234567890,,,
96c7b668-c702-352d-a20f-5bce57e95b4b,,,1234567890,01-02-2015,,,,,,,,,,,,,,,,,1234567890,,,
90d899e1-bbf3-3ea0-b8de-5d56d9f0fe53,,,52241,28-03-2005,,,,,,,,,,,,,,,,,AAATN7516N,,,
f52d81b6-1dcd-3793-b0f8-9ff7dfd6cd4f,,,324/1993,24-06-1993,,,,,,,,,,,,,,,,,AAATN3247Q,,,
395a3c7b-5029-3b43-8ac3-bd8d950411e7,,,821/2007-08,19-06-2007,,,,,,,,,,,,,,,,,AAATN9769K,,,
b24450a4-cd39-389b-9bc1-254a1f1f42e3,,,1234567890,01-01-2015,,,,,,,,,,,,,,,,,1234567890,,,
0befd5aa-c2a3-3dfc-b227-a6cb2fd0ef8a,,,307 of 2002,28-10-2002,,,,,,,,,,,,,,,,,AAATN5297N,,,
4e149fb6-6e6e-363c-90e8-62242a119762,,,5706-745/1993-94,24-02-1994,,,,,,,,,,,,,,,,,AAAAA7573K,,,
f0de0fa5-d7b1-33ff-b47c-192582ef3fd2,,,"6294 Add.book No. 4,",12-04-2001,,,,,,,,,,,,,,,,,AAATN8444K,,,
a4b0c29e-0031-3905-96cc-c71cf47ecadd,,,604/2005,30-04-2005,,,,,,,,,,,,,,,,,AAAAN7822N,,,
d0076dac-b179-3cec-b3a8-2041ff512bd4,,,DR/GGN/414,11-03-1994,,,,,80G/20011-12/1249-82,02-12-2011,,,,,031170132,18-06-1998,,,,,AAAAG8812D,,,
389c788e-97d7-3a17-9b25-9bfe3df2a812,,,MAH/656/2013/Ahmedna,12-08-2013,,,,,,,,,,,,,,,,,AACTN2613C,,,
3f236ebd-3168-3c8f-ac77-aa1e1d5f4878,,,S-51786,22-02-2005,,,,,,,,,,,,,,,,,AAAAN5097K,,,
380cafee-34b7-30b1-b0cb-b292305eb383,,,875,17-05-2014,,,,,,,,,,,,,,,,,AABTN9735G,,,
cce2acff-122a-3591-932e-120fbfd44ae1,,,S-69100,12-04-2010,,,,,,,,,,,,,,,,,AAAAN9351J,,,
c462329e-8f39-35b8-be8e-f2e8da82d27d,,,U74900WB2013NPL19715,11-09-2013,,,,,,,,,,,,,,,,,AAECN4754H,,,
a942f06d-cdc9-35b9-9819-b0f0ccad8037,,,1234567890,07-04-2006,,,,,,,,,,,,,,,,,AABTN6087H,,,
c01f4c1a-ddc4-3f12-9ea5-07e8c3951b33,,,4/1993,11-01-1993,,,,,,,,,,,,,,,,,AAATO2036N,,,
c09f4ca7-4ca3-325b-9040-783b66bf7600,,,157 Bk 4 /12,09-08-2012,,,,,,,,,,,,,,,,,AAATO3572F,,,
c396a6b4-a78c-3d9b-89e0-6461b1b959f9,,,5282,12-10-2011,,,,,,,,,,,,,,,,,AAATO3193Q,,,
baa6e4fa-9fff-309c-9512-675065f7ede6,,,284.71,12-05-1981,,,,,,,,,,,,,,,,,AABCI1892A,,,
7995e233-97b4-3641-b8e5-a7366a4f9a33,,,1234567890,01-01-2016,,,,,,,,,,,,,,,,,1234567890,,,
4fac9295-5f90-35d8-a24b-9f9deda663ea,,,35135,06-12-2005,,,,,,,,,,,,,,,,,AABTP2065R,,,
9c5de782-c61e-3214-bfdc-060afe3622e2,,,481,24-07-2004,,,,,,,,,,,,,,,,,AABTP0956B,,,
46d1b8e2-dfa5-37b4-831e-0c5bc818c9bd,,,69029,05-04-2010,,,,,,,,,,,,,,,,,AACAP2972M,,,
35421e6f-c8cf-38b2-8e29-a02b0212bb34,,,S 337985 of 1998,20-10-1998,,,,,,,,,,,"231660997,",16-06-2009,,,,,AABTP2591E,,,
7a1543f3-f439-3119-b99d-53be35a361cc,,,44455,27-11-2007,,,,,,,,,,,,,,,,,AACAP8139N,,,
c665b5e6-0e50-37c5-abe3-9f1585ca5861,,,502/2006-2007,07-12-2006,,,,,,,,,,,,,,,,,AABAP1702E,,,
8a1c35ff-a7ab-38bd-8567-068f8e8cee74,,,1234567890,01-01-2015,,,,,,,,,,,,,,,,,1234567890,,,
f6e5201f-9da0-3718-bb51-16091a9868dc,,,154/2001-2002,20-06-2001,,,,,,,,,,,,,,,,,AAATP7242D,,,
51967367-e781-3d3a-9a47-f8cd8277c8b8,,,U 85199 MH 2001 NPL,01-06-2006,,,,,,,,,,,,,,,,,aaatn2934j,,,
11cf99f9-e363-3c93-81bd-49bfe7ea4332,,,1234567890,07-03-2008,,,,,,,,,,,,,,,,,1234567890,,,
4f599a15-34d3-3900-8786-173c26332e1d,,,1234567890,01-01-2015,,,,,,,,,,,,,,,,,1234567890,,,
9d37b43a-a23b-3022-8631-4e18997d0597,,,S31784/97,14-08-1994,,P55/998/755,30-12-2009,,1831,25-09-2008,,,,,231660239,14-06-2014,,,,,AAEFP7881Q,,,
1873251d-55fa-377d-a755-42dfc237df72,,,S/57887,29-02-1988,,,,,,,,,,,,,,,,,AABTP7408C,,,
d759e547-e431-351b-bf01-cd817b666bec,,,S-33147,17-06-1998,,,,,,,,,,,,,,,,,AAATP4317P,,,
ad870ff5-2700-3516-a3f6-6d6cea147b55,,,S 20439,06-10-1989,,,,,,,,,,,,,,,,,AAAAT0112B,,,
082bd947-05d1-31a4-a3d6-9892f0979e8c,,,6301-41,28-08-2008,,,,,,,,,,,,,,,,,AAAAP9159J,,,
7ce793a5-8a5d-3311-80f6-c7f18e1eaca7,,,1234567890,01-01-2015,,,,,,,,,,,,,,,,,1234567890,,,
f8880354-f8d3-3a2e-945d-5d4367352002,,,12614,20-05-1982,,,,,DIT(E) 2007-2008/P-,- 08-10-2007,,,,,231650307,04-02-1985,,,,,AAATP1285G,,,
e0b696b8-fea8-3acf-a91e-9144a9438d96,,,E-4476,25-04-2007,,,,,,,,,,,,,,,,,AAATQ0125E,,,
2b4538ba-4ad2-3080-9456-7b14b5881a2c,,,E-24663(Mumbai),19-12-2007,,,,,,,,,,,,,,,,,AAATQ0120B,,,
888ce125-3fa0-3503-a9f0-2783fe54db26,,,1234567890,01-01-2015,,,,,,,,,,,,,,,,,1234567890,,,
1e41e495-f801-33b5-a69b-df35991f42e7,,,E-21879 (Mumbai),20-07-2004,,,,,,,,,,,,,,,,,AACTR2461G,,,
41e559f4-830d-362f-8a59-211e53d68f49,,,E 27964 (Mumbai),18-05-2011,,,,,,,,,,,,,,,,,AABTR8118F,,,
fc369daa-3533-3ee7-8688-00123e3d1285,,,1234567890,01-01-2015,,,,,,,,,,,,,,,,,AAPFR6311L,,,
30e038d3-1181-3723-8e19-5ffc9bc8827f,,,3871,20-07-2006,,,,,,,,,,,147120879,30-05-2011,,,,,AABTR0735N,,,
804a550f-7323-3a62-9768-8ed501619daf,,,544 of 2011-2012,28-02-2011,,,,,,,,,,,,,,,,,AABTR7683M,,,
70b9673a-3874-3516-a305-3d3a056124fb,,,BBSR/4920-844/1992-9,17-03-1993,,,,,,,,,,,,,,,,,AAATR2167H,,,
e4919548-131d-33d5-b222-b23c98d48095,,,U45400DL20,07-11-2011,,,,,,,,,,,,,,,,,AAECR0936R,,,
57161dce-899b-3f5a-8bde-c0fb6a6f7e73,,,1188,30-01-2012,,,,,,,,,,,,,,,,,AABAR3927M,,,
9000a290-1725-3255-8031-a5a8c414f17a,,,6896 Bk,23-03-2004,,,,,,,,,,,,,,,,,AAATR7377M,,,
9440f17f-86a0-3836-971e-dd5d5480fd33,,,4/36,07-11-2008,,,,,,,,,,,,,,,,,AABTR5059H,,,
4d01bd47-f359-3848-99e4-c10b8c9bb83a,,,398/2009-1,15-01-2009,,,,,,,,,,,,,,,,,AABTR4265K,,,
7a724555-f53c-3cbd-9467-ee0a2e21ef9b,,,1234567890,01-01-2015,,,,,,,,,,,,,,,,,1234567890,,,
a38f2a19-81f9-37bd-b01a-1b4005321cc2,,,1822/94,23-12-1992,,,,,,,,,,,,,,,,,AACTS6230L,,,
635d83be-07c3-3142-af9c-172b7f61473c,,,852/2005-2006,29-10-2005,,,,,,,,,,,,,,,,,AACAS4619J,,,
6c5d917d-8628-3be3-bdd9-c1187207ce5d,,,F-3987 (Aur),29-07-1997,,,,,,,,,,,,,,,,,AABTR5553J,,,
3a8120a0-beb5-34d9-a452-123ab8beedb7,,,1234567890,01-01-2015,,,,,,,,,,,,,,,,,1234567890,,,
e0a578b4-ac01-3aeb-b50d-e490c69b4655,,,S/43958 of 2002,01-09-2002,,,,,,,,,,,,,,,,,AAFTS1533H,,,
2c61083a-fb44-3be6-a383-f3abef19f7ba,,,227/14,13-08-1986,,,,,,,,,,,,,,,,,AADTS9734J,,,
9026bd89-b084-3b42-a708-0530ca7b1fec,,,S 41216,14-01-2002,,,,,,,,,,,,,,,,,AAHTS4276K,,,
a98d9095-f0f3-3263-8f98-fe313e8385b0,,,66478/2009,03-08-2009,,,,,,,,,,,,,,,,,AAABS2455F,,,
ae38e382-5e22-3713-8664-361bf7861c46,,,F/7562/AMDAVAD,29-06-2000,,,,,,,,,,,,,,,,,AACTS4527Q,,,
dc185af1-2b2d-37f3-86c7-e4ad278f1e77,,,U93000MH20,07-05-2009,,,,,,,,,,,,,,,,,AANCS2007H,,,
1d2cbcd4-b1f8-39c4-ba40-71a671fd5205,,,"No.2,193/b",27-03-2003,,,,,,,,,,,,,,,,,AAETS0928H,,,
33b508a2-089d-38df-b078-5b000d23482b,,,7654,16-12-1998,,DIT(E)2008-2009/9-10,16-12-1988,,,,,,,,231650618,16-12-1988,,,,,AADTS7874B,,,
f65ac55e-b6cd-3ff9-9b58-b04e511482db,,,KPT-1854,21-10-2003,,,,,,,,,,,,,,,,,AAFTS3995M,,,
03c43118-8dbe-3200-bec3-76ca32083edb,,,173,28-12-2005,,,,,,,,,,,,,,,,,AAFTS8628F,,,
e70f8e88-09fd-3b87-9611-a81ed60ef896,,,1234567890,01-02-2015,,,,,,,,,,,,,,,,,1234567890,,,
bf9e6c50-57a5-3505-b470-96d8758ebee3,,,S/66874/2009,09-09-2009,,,,,,,,,,,,,,,,,AAEAS7767D,,,
c3db691a-2886-3f70-9db1-8ea6f01fc4e1,,,14190,17-08-2007,,,,,,,,,,,,,,,,,AAKTS8084J,,,
0877be3a-3342-3150-b7b9-50d4767ed17c,,,1234567890,01-01-2015,,,,,,,,,,,,,,,,,1234567890,,,
5f867a2d-701c-3c4b-a9aa-381e7bcff251,,,10582,09-05-1995,,,,,,,,,,,,,,,,,AAAJS0017P,,,
3794c559-37c5-346b-bfe8-640cc9e46782,,,S/48781/2004,17-03-2004,,,,,,,,,,,,,,,,,AAETS2397C,,,
9d88e781-7cfd-3fc8-b21a-04df0d4c6742,,,S/1L/43676,29-03-2007,,,,,,,,,,,,,,,,,AAFAS7133Q,,,
8b1e4ac0-15b9-3d85-8c7a-c7eee7923a79,,,S/66102/20,26-09-2009,,,,,,,,,,,,,,,,,AAEAS5591D,,,
adb15b5c-a36b-3cde-be26-4d0ab614127f,,,20561/111,23-10-1998,,,,,,,,,,,,,,,,,AAAAH7132F,,,
c583064b-fb3a-39bf-b476-9bfcfee6ef91,,,4/ 29,25-08-2008,,,,,,,,,,,,,,,,,BQFPS9306H,,,
4a7e7d79-2695-3e1e-810c-8347efc79420,,,41908,10-06-1998,,,,,,,,,,,,,,,,,AACTS3792H,,,
6dee437e-ddef-35a8-9a57-d97b68f10c6f,,,3466,09-09-2010,,,,,,,,,,,,,,,,,AADAS1458A,,,
66b8d445-7e37-3b24-a872-71aba81aa2f7,,,SOR/226/96,31-03-2007,,,,,,,,,,,,,,,,,AADTS8765K,,,
b117f5af-c3e0-3261-bef4-094cefba6a5c,,,ROS-001,01-04-2008,,,,,,,,,,,,,,,,,AAHTS5029G,,,
ddddc6c8-b171-3292-b1c5-40c124f90351,,,04/17/01/09146/06,10-07-2006,,,,,,,,,,,,,,,,,AAEAS0395M,,,
69f59d59-5332-3e4b-9b71-edb39a494db8,,,1381,17-04-2003,,,,,,,,,,,,,,,,,AAETS3382D,,,
41bafaf0-8f5c-382e-b1d4-83a8bde54cb2,,,S-29807,11-07-1996,,,,,,,,,,,,,,,,,AAATS2568R,,,
a96043d1-24ba-3b7e-a7b6-e58736e6cb2e,,,TN/2010/0034911,07-04-1994,,,,,,,,,,,,,,,,,AAAAH7132F,,,
ad802c34-611f-32a8-a6a0-fa92bc8178ff,,,S499/DisttSouth/2011,26-05-2011,,,,,,,,,,,,,,,,,AAGAS2647Q,,,
4a53d4d5-34fa-3847-9008-78500ed28466,,,E/11279/ Ahmedabad,29-03-1997,,,,,,,,,,,,,,,,,AAAAS3015Q,,,
9711aea6-d87c-3273-8e08-7a661825a9e6,,,592 of 1993,10-08-1993,,,,,,,,,,,,,,,,,AAFTS6022B,,,
b49a1e8a-49ec-3aa5-a279-7a09337f5255,,,3393-1183,16-02-1996,,,,,,,,,,,,,,,,,AACTS7528R,,,
f7123d2b-dc5d-377b-9919-627ce90699c5,,,GUJ./ 1027,14-06-1984,,,,,,,,,,,,,,,,,AACTS0729C,,,
1e8318f5-9d4d-359d-95ea-4eb9fe480481,,,S/23424,30-09-1992,,,,,,,,,,,,,,,,,AAFTS9467C,,,
142802fb-3d35-3958-830f-95f9cf00e777,,,10582,01-01-1993,,,,,,,,,,,,,,,,,AAAAG2194C,,,
4eed6d7b-1914-3719-9c8f-48a123e60d4e,,,S/64796/20,18-02-2009,,,,,,,,,,,,,,,,,AAEAS3360G,,,
70fb76a8-01c4-37be-943b-ee8cae2491fc,,,381,09-11-2012,,,,,,,,,,,,,,,,,AAMTS2007B,,,
3506d054-b3f1-34d6-8aab-99b8591b52f7,,,S-28258,25-06-1995,,,,,,,,,,,,,,,,,AACAS1730Q,,,
baab315f-9c9d-3ea5-b51c-870c641ff003,,,876/2006-07,29-12-2011,,,,,,,,,,,,,,,,,AACAS5878F,,,
b88d3eff-6d32-3019-8751-e7e96140aeb9,,,F/7941/,03-04-2001,,,,,,,,,,,,,,,,,AAITS3682E,,,
59a5b82f-b7c5-35c4-ac91-e4aee9a538b8,,,S/12051,03-10-1981,,,,,,,,,,,,,,,,,AAFTS3397H,,,
58b0ef7b-eb60-316b-bb64-12ebad5df1ef,,,1234567890,01-01-2016,,,,,,,,,,,,,,,,,1234567890,,,
c919d28a-fbe6-32d3-8905-50edf3b26662,,,E-1710,28-11-1988,,,,,,,,,,,,,,,,,AAATS9548M,,,
8a1fdc78-e5d9-35f8-9d60-c3c5156f371a,,,30/2013,24-06-2013,,,,,,,,,,,,,,,,,AANTS2355K,,,
b3cd895a-8d9b-3126-8fff-93ff311f5fd1,,,24419,29-06-1993,,,,,,,,,,,,,,,,,AAGTS5567C,,,
af143fdf-243c-39c6-b52e-f0bdc13e0da3,,,76/udaipur/2005-06,26-09-2005,,,,,,,,,,,,,,,,,AAFTS8391B,,,
27283c33-cdd9-3449-ab40-dd1dc8a4683d,,,1234567890,01-01-2015,,,,,,,,,,,,,,,,,1234567890,,,
856a581b-1fd2-3235-8449-16548dd04c0f,,,02570 of 2013/Bk IV,24-04-2013,,,,,,,,,,,,,,,,,AAMTS9568H,,,
5df31919-1925-307d-a33b-1bffbd785067,,,1131112914,21-09-2011,,,,,,,,,,,,,,,,,AAMTS2499F,,,
1eace2f1-4add-39da-8e35-617834149408,,,230/14-15,03-06-2014,,,,,,,,,,,,,,,,,AAOTS1553Q,,,
262b3790-c85e-305a-aabb-5168789ad66d,,,RS/NLP/257/C/32-2007,06-08-2007,,,,,,,,,,,,,,,,,AALAS4081P,,,
f5f31305-dd79-3eb7-b9ec-165e0918833a,,,S-49226,21-04-2005,,,,,,,,,,,,,,,,,AAJTS9348G,,,
5d48f880-de0f-39f8-a906-e6c326e88cd0,,,S-29329,02-04-1996,,,,,,,,,,,,,,,,,AAATS4205P,,,
39b92204-a41a-371f-a423-5ebc520decf8,,,S- 54059 of 2005,54059 of 2005 - 26-10-2005,,,,,,,,,,,,,,,,,AAKTS8465R,,,
1389e3fa-ef14-3a19-9edf-fa800b6ed5e9,,,S/61866,17-05-1989,,,,,,,,,,,,,,,,,AAAAS4333B,,,
862dce5c-9b6e-388e-87ee-d32ebef2808f,,,808/2002-2003,06-09-2003,,,,,,,,,,,,,,,,,AAGTS2432N,,,
0afe01e7-bfde-385b-b646-4ae4fdd097f0,,,10582,01-03-2016,,,,,,,,,,,,,,,,,AABTS6880K,,,
0f0008d5-6894-38b0-a030-3904d1e7e7dc,,,1234567890,01-01-2015,,,,,,,,,,,,,,,,,1234567890,,,
f169eeef-03d4-3877-bcff-7f4c9d8b7930,,,S/59714/20,14-09-2007,,,,,,,,,,,,,,,,,AAEAS4210P,,,
13791ed3-961d-3741-acff-1c686d2d2e21,,,S/ 62384/2008,30-05-2008,,,,,,,,,,,,,,,,,AADAS7886C,,,
3b69a13a-5efe-3285-9444-83880be9978d,,,S/62695/2008,04-07-2008,,,,,,,,,,,,,,,,,AADAS6197G,,,
5792a11d-daa7-31a8-9036-c8af9b5874c0,,,1234567890,01-12-2015,,,,,,,,,,,,,,,,,1234567890,,,
577c795b-7a0c-39a4-9db6-94cc6bdf3f08,,,1234567890,01-01-1990,,,,,,,,,,,,,,,,,1234567890,,,
9af6006a-61e2-32de-99db-385bb448a17f,,,974/ : 04-,- 15-12-2003,,,,,,,,,,,,,,,,,AAFTS5739P,,,
ebd84fcf-abab-3ab8-9f1f-0f92cfaefa2f,,,S - 24416/93,24416/93 - 28-06-1993,,,,,,,,,,,,,,,,,AAMTS2499F,,,
31497923-688c-32e3-bbe4-d17839bf09f0,,,12237678,08-04-2016,,,,,,,,,,,,,,,,,AADTS6393M,,,
e6c3efc4-c2b9-36f9-b117-21f6ba1f2f8a,,,66/89-90,09-09-1990,,,,,,,,,,,,,,,,,AAATS8020Q,,,
238fb5ea-735f-35c2-a90d-c4f97e953c36,,,S/2L/9192,10-09-2013,,,,,,,,,,,,,,,,,AAKAS4612F,,,
e43803f4-3fd9-317c-9d29-557daaf511a7,,,15 of 1996-1997,13-08-1996,,,,,,,,,,,,,,,,,AADTS0642R,,,
b7c14c09-f7cb-3b8f-8e3a-b6d8f0019740,,,S 2499,06-04-1966,,,,,,,,,,,,,,,,,AAATS4123L,,,
f57b3ffd-3b8f-38ce-9a1d-9cbdd2469e36,,,7422/61,12-04-2002,,,,,,,,,,,,,,,,,AAAAH7132F,,,
7e17b27a-6d14-39e4-b818-b5d67de1179a,,,CDG-4-0017,30-05-1995,,,,,,,,,,,,,,,,,AADTS7759P,,,
77c68002-ad0d-3f44-bc19-0342ec0e9072,,,1234567890,01-01-2015,,,,,,,,,,,,,,,,,1234567890,,,
94145c5d-fae4-3c36-844e-194fd7bb1c6e,,,230/14-15,10-03-2004,,,,,,,,,,,,,,,,,AAFTS4743R,,,
15291d42-83c9-3282-9310-d9b48b986443,,,EKM/TC/147/2013,27-02-2013,,,,,,,,,,,,,,,,,AAJAS1236J,,,
eb7541de-2953-306d-b10c-bd76a843212c,,,S/1L/81090,28-06-2011,,,,,,,,,,,,,,,,,AADAT2431L,,,
3fcc70b1-2210-363a-838a-f83816b28ebf,,,WB/2012/0053624,06-05-2009,,,,,,,,,,,,,,,,,AAAAE2969D,,,
b77c2f35-3a76-3fb6-9c44-426cce4a73d6,,,1234567890,01-01-2015,,,,,,,,,,,,,,,,,1234567890,,,
a99ce5e7-c08f-3fea-966e-fe59da788d47,,,U93000MH2010NPL202,05-05-2010,,,,,,,,,,,,,,,,,AADCT4665J,,,
da50e15c-dd12-3c80-8dc9-9ebc210ab783,,,1234567890,01-01-2015,,,,,,,,,,,,,,,,,1234567890,,,
3bc8facf-fbe5-3c49-a43e-2661ff3452c9,,,1014,30-08-1995,,,,,,,,,,,,,,,,,AABAT9341D,,,
bab397dd-9cea-35aa-af08-630b68d3b51a,,,E/3985/Thane,14-12-2005,,,,,,,,,,,,,,,,,AAGTS8174D,,,
6cf3f2b2-f871-34d0-952f-4badefabfdaf,,,1234567890,01-01-2015,,,,,,,,,,,,,,,,,1234567890,,,
590611dd-d698-30df-9a6b-e82a29d72054,,,1234567890,01-02-2015,,,,,,,,,,,,,,,,,1234567890,,,
ba6914d3-2062-3bb0-90c9-bd778d6c6932,,,S-42819,12-06-2002,,,,,,,,,,,,,,,,,AAATT7356G,,,
e600e5c4-e61d-3596-a79d-f5eae0ac649b,,,1234567890,01-01-2015,,,,,,,,,,,,,,,,,1234567890,,,
2d9f79fd-a231-3964-b08b-b0c492a3f0b2,,,1234567890,01-01-2015,,,,,,,,,,,,,,,,,1234567890,,,
80b97903-e1c5-3df1-94f2-5ddad67af538,,,F-9598 (BO,05-07-1984,,,,,,,,,,,,,,,,,AAATT0359B,,,
38e07ea3-0bf0-3d5b-8ed1-d5c4200cd6a4,,,F-402,16-06-1954,,,,,,,,,,,,,,,,,AAATI0001K,,,
d0a4e4c9-488a-3b2a-8081-b16346a21401,,,10,26-04-2011,,,,,,,,,,,,,,,,,AADAT8717B,,,
a98e1259-dba2-3f6c-9393-077c22c48aaf,,,1234567890,01-01-2015,,,,,,,,,,,,,,,,,1234567890,,,
1bebecdc-16d8-3eaf-b128-ab1d419e1bfb,,,45761/2003,28-03-2003,,,,,,,,,,,,,,,,,AAAAT7607F,,,
bbab1ffd-9a36-31e0-af63-3d19856139e0,,,5386,15-04-2006,,,,,,,,,,,,,,,,,AABTT1482E,,,
e4fa7276-6d40-3fbe-b18f-e84664d59faa,,,1234567890,01-01-2015,,,,,,,,,,,,,,,,,1234567890,,,
7c013545-eb76-37e6-b832-12ce2cd93402,,,3111/83,25-03-1983,,,,,,,,,,,,,,,,,AAATT1306L,,,
8158eeb5-2275-3658-9a64-d7bac45968e7,,,E-28181,13-09-2011,,,,,,,,,,,,,,,,,AACTT0194J,,,
bfcd40ea-b25f-3ea4-b0c9-facf5c9053de,,,S/86745,24-04-1997,,,,,,,,,,,,,,,,,AAATT4262B,,,
39953a55-3c10-3aba-9c12-99ef09c731b9,,,36939,27-07-1993,,,,,,,,,,,,,,,,,AAAAT3629F,,,
dfb01a16-17bb-31f1-918b-1f6e52ddb295,,,S/213/2010,11-10-2010,,,,,,,,,,,,,,,,,AACAT3233F,,,
74aee94b-a109-35b5-a0e1-68d5254ad4f0,,,0055047,15-08-2004,,,,,,,,,,,,,,,,,AAAAE2969D,,,
3b623c5a-9962-3c30-94ce-336f0c3065b6,,,S-32570,29-01-1998,,,,,,,,,,,,,,,,,AAATT5368C,,,
b9f445fa-1cf7-3bfc-b6b8-0b5ffdd5a744,,,318 of 1986,24-09-1986,,,,,,,,,,,,,,,,,AAATT2955M,,,
f7d99a2f-e1e6-3f8b-9e0b-65faa9e45c0b,,,70/2014-2015,17-04-2014,,,,,,,,,,,,,,,,,AADAT7849L,,,
fc36332a-9190-3238-a5a7-be20dd6f27d7,,,1223/97-98,12-01-1997,,,,,,,,,,,,,,,,,AABTT1868N,,,
59d425c9-7f02-396e-b705-ee6281d66360,,,122/Kota/2009-2010,25-09-2010,,,,,,,,,,,,,,,,,AAAAU4532E,,,
9b868ecc-1b2d-32fb-9ced-b1301055ae24,,,1234567890,01-01-2016,,,,,,,,,,,,,,,,,1234567890,,,
e7f9608a-23e6-35d4-b27a-dbfcca929ddf,,,1234567890,01-01-2015,,,,,,,,,,,,,,,,,1234567890,,,
b795f3a2-d0ec-3136-9d7f-7d4a39a8f605,,,E-7111(THANE),05-01-2012,,,,,,,,,,,,,,,,,AAATU4914H,,,
812d29b8-8b95-31d8-9a77-58ae25eeaa39,,,197/12,18-01-2012,,,,,,,,,,,,,,,,,AAATI2569Q,,,
5f1d9ed6-602d-30bd-9b5b-366e76725982,,,"IV, 1069/ 2001",28-08-2001,,,,,,,,,,,,,,,,,AAATV3623Q,,,
10454be0-28f4-3be4-bd42-83b9b5428613,,,Maha/514/05 Akola,03-05-2005,,,,,,,,,,,,,,,,,AAATU3226G,,,
476e47d6-cdd9-3f59-8eb4-ee065b1336ac,,,172/Jaipur/1995-96,10-10-1995,,,,,,,,,,,,,,,,,AAATV2937P,,,
398cb529-efc4-3647-ae41-2bdc67160c77,,,178,23-05-1998,,,,,,,,,,,,,,,,,AABAV3510C,,,
dffad230-9b34-3308-99cf-370d7fb3379d,,,690/2010,29-07-2010,,,,,,,,,,,,,,,,,AABTV5126F,,,
afaedce9-2750-3aea-9efe-8579e9615578,,,234/1984,21-12-1984,,,,,,,,,,,,,,,,,AAATV3948G,,,
3886faf5-128b-3518-90bf-8456b4dc2fa6,,,1644,04-02-2002,,,,,,,,,,,,,,,,,AAAAH7396F,,,
88b94e86-4c6d-34c9-92f8-6d254f36a72a,,,E-14737,05-10-1993,,,,,,,,,,,,,,,,,AAATB3093L,,,
74d5ce84-3976-344a-b3d4-6003e28e418b,,,1234567890,01-01-2015,,,,,,,,,,,,,,,,,1234567890,,,
626109a2-ae56-3d5e-be55-7abeb2a384e3,,,S/72408,11-01-1993,,,,,,,,,,,,,,,,,AAAAV0666N,,,
494faef5-0ce9-3453-96ff-82b5e56b843b,,,CDG-4-0017,15-10-2014,,,,,,,,,,,,,,,,,AAATW3352M,,,
88054a6c-0ee8-3482-a7b7-7154b8100714,,,MRG/245/2,06-08-1997,,,,,,,,,,,,,,,,,AAAAA9461E,,,
78cd1f0b-687c-372e-b384-73e5e9eda253,,,46/2002,10-10-2002,,,,,,,,,,,,,,,,,AAATW0790M,,,
b08a41bd-3761-39f1-a94c-d66fac087a4b,,,967/ 2013-2014,07-08-2013,,,,,,,,,,,,,,,,,AAAAW4836D,,,
229524b7-5d7b-3a46-a223-0094535e8275,,,974/ : 04-05,14-12-2004,,,,,,,,,,,,,,,,,AAAAW0674K,,,
3b503e76-17c7-31f3-93e5-c9c9073efbd5,,,5190PY2009NPL002266,25-02-2009,,,,,,,,,,,,,,,,,AAATW2993G,,,
9452186d-dc19-3725-b3d3-35e481ceaf14,,,E-28654,20-04-2012,,,,,,,,,,,,,,,,,AAATW2633H,,,
3303b323-acff-3cc7-8c59-4876ab9c620b,,,26/92,10-09-1992,,,,,,,,,,,,,,,,,AAATW0271B,,,
b10249ee-c4c8-3d26-8dbf-7eeb28d90176,,,"5,978",18-04-2011,,,,,DIT (E)/2011-12/W-25,06-05-2011,,,,,231661368,07-10-2014,,,,,AAATW1624Q,,,
2ec6b823-9b11-3341-be27-bb96c5cefa45,,,192 of 2014-2015,24-02-2014,,,,,,,,,,,,,,,,,AAATW3168K,,,
11a5e9ab-f515-383f-8908-1ed6af1289a1,,,7422/61,17-02-2006,,,,,,,,,,,,,,,,,AAAAY0652P,,,
d923947a-80ca-393e-991e-6599dd5c60ac,,,F/294/PORBANBAR,10-10-2007,,,,,,,,,,,,,,,,,AAATY2186R,,,
a29775ed-1159-3a1b-8320-e9f7605c5dc4,,,Mah-963,05-03-2012,,,,,,,,,,,,,,,,,AAAAY2377F,,,
c2727745-8d28-3892-b265-bdc40c4c4f7e,,,12237,10-04-2001,,,,,,,,,,,,,,,,,AAATZ0336Q,,,
ff693068-fbb0-32d6-976a-9beef398c03b,,,U72900DL20,20-01-2012,,,,,,,,,,,,,,,,,AAACZ5514B,,,
a9f2b920-fb16-355a-a1ca-7c8190173e11,,,No.290,28-03-2012,,,,,,,,,,,,,,,,,AAATY3178K,,,
